Content,Video title,Video publish time,Views,Watch time (hours),Subscribers,Average view duration,Impressions,Impressions click-through rate (%)
Total,,,78824,1527.6323,352,0:01:09,1196428,4.72
VHYI__iyLgQ,Ramadhan Tiba (Upin Ipin),"Apr 23, 2020",59417,387.978,171,0:00:23,546365,7.81
jafYtKBJesc,Spongebob FakBoi,"Apr 21, 2020",1223,12.7024,14,0:00:37,15541,6.24
3WAPOKLngcU,France vs Denmark kalian pilih mana,"Nov 27, 2022",794,9.3199,1,0:00:42,2519,28.66
AW-FEW58Wt0,üî¥LIVE | Menunggu scene segnya mas bro,"Feb 22, 2023",465,15.1635,5,0:01:57,8156,4.44
FJGgGkG8VSI,Simulasi Jadi God | World Box Simulator,"Jul 9, 2022",410,8.8811,11,0:01:17,9859,3.54
YMC1fq1E220,The Real Backroom,"Apr 11, 2023",305,20.6165,3,0:04:03,7516,3.53
8H2JCp6mxiU,Rizky Rewind 2018 | Remix,"Dec 22, 2018",290,10.0733,21,0:02:05,1889,9.58
cF11lf9L4JU,Rencanannya sih mau bikin auto farm BEE,"Aug 16, 2023",245,10.0682,2,0:02:27,14044,1.39
B50FXqV4YK0,ILMU PADI,"Sep 24, 2023",234,8.1012,0,0:02:04,12237,0.84
UyNajNnkT-s,PERJALANAN PRIA BEROTOT,"Sep 20, 2023",229,10.6939,2,0:02:48,16540,1.06
5awVicbECzg,TAMAT JUGA NI GEAR 5,"Sep 22, 2023",213,4.7475,0,0:01:20,6988,2.73
CsXvdR-uqHo,üî¥LIVE | Yok Lah Speed Run Penasaran Seg Ama Robot,"Feb 23, 2023",212,6.409,2,0:01:48,3583,4.63
xYxBWxBuxGg,Lika-Liku Menjadi Polisi Baik Seperti Polisi Irlandia,"Mar 10, 2023",204,4.3196,1,0:01:16,8496,1.97
juwyhpV0JH0,Kaaameehaaameeehaaaaaaaaaaaaaaaaaaaaaaaaaaa,"Aug 29, 2023",202,2.064,1,0:00:36,12457,1.27
yoaqO6rl76c,Random Discrot,"Mar 21, 2023",199,2.0533,0,0:00:37,3099,5.29
dNdkWdMU_ak,Apa itu pubg mobail,"Feb 16, 2023",163,2.3106,0,0:00:51,2048,6.79
GX33haiJ8j8,MUNGKIN ADA BAKAT DI NI GAME,"Oct 2, 2023",161,6.9403,0,0:02:35,23731,0.61
XvaG_VxqB8I,"Coba bayangin, daripada donate youtuber lain mending gw.","Jul 28, 2023",160,6.4833,3,0:02:25,11486,0.97
Aae8Mdr0d0c,Mau sekali main Hogwart Legacy tapi laptop saya menolak üòî,"Feb 11, 2023",157,2.5483,0,0:00:58,3809,3.44
cvqfIwxBNHY,Im Fast boiii,"Sep 9, 2023",154,7.0033,0,0:02:43,8439,1.18
VY2TTo3mV1c,Chat and Adventure,"Aug 8, 2023",151,5.1819,0,0:02:03,7369,1.06
lR2JKoJrrh4,Study With FalJo | AP 2A,"Jun 15, 2023",151,4.6725,0,0:01:51,7051,1.56
L1Bof-DXQqw,Parodi dilan 1991 (Dilan Gagap),"Feb 8, 2019",150,2.1694,1,0:00:52,1926,5.82
_nAS8KM1fWs,Chat and Study ü´Öüèª,"Jul 23, 2023",145,15.0721,3,0:06:14,9297,1.11
oK2dOHZb8T8,Kehidupan RifalJo Di Kota Baru,"Mar 13, 2023",143,7.4524,1,0:03:07,3352,3.37
PFtqOPirMlo,Community Shield Reaction | Citizen Sokin,"Aug 6, 2023",141,7.5424,0,0:03:12,7547,1.59
VNCL0lnXIUo,The Nun,"Apr 16, 2023",141,5.0913,1,0:02:09,6687,1.78
5DdWFbxk7Bw,GUNDAM INI MEMBANTAI 1000 GUNDAM LAINNYA!!,"Sep 15, 2023",140,7.5339,0,0:03:13,2192,5.61
90w82lokggk,AKhh MINIMAL PP GAMBAR LUFFY GEAR 5,"Sep 19, 2023",137,2.4985,0,0:01:05,4382,2.76
dGQ463qHTAY,BERTANI DAN HIDUP DAMAI,"Sep 23, 2023",136,6.2006,0,0:02:44,10721,0.73
vJIu6WNZD2U,Sudah Saatnya Menamatkan,"Aug 31, 2023",136,4.9657,0,0:02:11,9233,1.08
nqUA3e2msD0,"Final Piala Arab, Apakah Bang Dodo Akan Angkat Piala???","Aug 13, 2023",132,4.0329,0,0:01:49,9501,1.07
YiwgRi6q508,Chill stream,"Aug 15, 2023",131,8.9249,2,0:04:05,9699,1.17
e7orIIPpr98,Uncovering the Shocking Truth About Gaming Controllers You Didn't Know #shorts #gamepad,"Jun 1, 2023",126,0.5654,1,0:00:16,719,2.78
0FpHSXYTa9o,Study With FalJo | Pendidikan Kewarganegaraan,"Jun 14, 2023",123,2.3322,0,0:01:08,8081,1.18
1rVY_zV-Epo,UPDATE | Escape Backroom Together,"May 22, 2023",123,11.004,1,0:05:22,4425,2.17
ZrflOA3k_X4,CEBELAPA JAGO SIH AKU,"Oct 9, 2023",121,7.2925,0,0:03:36,14318,0.73
2AjNGE7Ouyw,Shigatsu wa Kimi no Uso OST | Relaxing Piano Music,"Oct 15, 2020",118,11.9972,0,0:06:06,2038,3.97
aHdXvim035g,Fix Tamat Labyrinthine,"Sep 8, 2023",116,9.1132,0,0:04:42,3359,3.01
kUl2BiS_2Ws,Night Person| Menkrep #1,"Aug 3, 2023",112,26.1006,0,0:13:58,3978,1.76
j7IRBlQvbJk,Polisi Korup Seperti fredin mobile legend cukup menguntungkan,"Mar 14, 2023",107,1.3702,0,0:00:46,4283,2.17
0crQ2YQLa0Q,Chat and Chill After Jumatan üòåüíÜ,"Aug 4, 2023",102,17.0471,1,0:10:01,3968,1.74
hyP5guNX3DQ,"The Outlast, Ni game mutliplayer ya","May 20, 2023",95,4.8739,0,0:03:04,4233,1.63
VyQAAfr_VSU,Belajar Malam Bersama RifalJO,"Nov 9, 2022",93,2.6837,1,0:01:43,9465,0.56
xYVQloL5bds,Workout and Chat üèãüèø,"Jul 27, 2023",93,3.0831,0,0:01:59,7516,0.93
hx3SOKBOTrg,Rizky Rewind Indonesia 2018 | Remix,"Dec 26, 2018",91,4.5356,2,0:02:59,720,6.39
I1JDPdnOytc,Pubg dulu gasih,"May 14, 2023",88,3.0749,0,0:02:05,2392,2.97
z3kwq3omcnk,MANCHESTER CITY KE JAKARTA!!!!,"Sep 13, 2023",87,0.5568,0,0:00:23,8263,0.91
jE2p58jlYUQ,Haaland Harus Menang Baloon D'or | (NGEDIT) Ngebacot Tanpa Edit #1,"Sep 7, 2023",85,0.488,0,0:00:20,5981,1.2
Zo8mcUpeAGQ,Semut Semut Kecil Saya Mau Tanyaüéµ,"Jul 20, 2023",84,5.2897,1,0:03:46,5103,1.25
1ELhh0bCcG8,Akang Spidey Te kedi kedi,"Jun 24, 2023",82,1.7571,0,0:01:17,7580,0.82
DLMt06FY1HA,IKN DI ROBLOX!!!,"Sep 12, 2023",82,0.5013,0,0:00:22,5348,1.14
9BZ7y4iAIwY,"Kalo gw nemu cowo, ""gw harus push up 5x setiap cowo"" - Google","Mar 11, 2020",80,1.069,1,0:00:48,719,6.82
HdONdxYyoKI,ILMU MUNGUT,"Sep 29, 2023",80,3.5922,1,0:02:41,4683,1.3
YYhUGloe8Rs,Mencoba menamatkan praktikum & berbincang tentang world cup,"Nov 21, 2022",80,7.0664,0,0:05:17,1543,1.43
ptz2T57zrC0,Bitter Love - Ngasal Cover sing penting dapet nilai senbud,"Nov 11, 2021",79,1.8519,0,0:01:24,574,7.67
7jz9cRjW1L4,Escape The Backroom Together,"Apr 8, 2023",78,6.5211,1,0:05:00,2094,2.82
iRT8so3Mhpw,Malam Bersama Akang CJ Lagi,"Nov 6, 2020",78,5.72,0,0:04:23,1007,2.88
CRAwqRnIhAk,"Tanam - tanam Ubi, tak perlu di.... ?","Jul 2, 2023",77,3.4034,1,0:02:39,7621,0.79
DPO2nRUB5vk,"Terakhir, Main Game Gampang","Sep 11, 2023",77,4.6045,0,0:03:35,3922,1.58
IW98bg1cNaY,Tidak Sehat Untuk Jantung | Labyrinthine,"Sep 6, 2023",77,7.7535,0,0:06:02,6663,0.99
DqwFSOMXTFA,Chill Stream Menunggu UAS,"Aug 1, 2023",75,11.4488,1,0:09:09,2815,2.06
jaepjGe65gY,Morning Person 10?,"Apr 9, 2023",75,8.7695,1,0:08:00,1272,3.3
usKsF5Odccw,KEHIDUPAN GABUT PRIA BEROTOT,"Sep 21, 2023",74,4.5853,1,0:03:43,8012,0.64
jlOI8anMpB0,Have Someting Done | English Assignment,"Apr 7, 2023",73,1.2238,0,0:01:00,2142,2.15
tWhNSPPVxKI,EMANG BOLEH SERANDOM INI,"Oct 26, 2023",73,9.6525,1,0:07:56,11306,0.52
4NzXO_dJkFA,Bagi Sedikit Kak S*sunya,"Mar 16, 2023",72,5.0678,1,0:04:13,2104,2.61
8O-semmTIbI,Mari Belajar,"Oct 22, 2022",72,2.6201,3,0:02:11,1604,2.24
W3x1akaHgFs,Morning Person Reborn?,"Apr 30, 2023",72,6.4938,1,0:05:53,1269,2.92
DD4WJx3-9B4,Ngaduburit Bukan Bersama Leon,"Mar 24, 2023",71,2.4966,0,0:02:09,2720,1.69
4AmtcRXnZ9g,Cubic Castle How to fast up Level,"Jul 17, 2016",69,1.0397,0,0:00:54,696,5.6
BNPdCYk4FWY,Hey It's me Rifaldi,"Oct 31, 2022",68,1.313,2,0:01:09,836,3.11
ZUFaENIRzsg,Mang boleh se OME itu,"Jul 17, 2023",65,6.075,1,0:05:36,3020,1.26
cWWFujPd7_E,Gilakk keren bat su,"Sep 11, 2023",64,5.0562,0,0:04:44,2814,1.81
1E1EVN4yfUc,Diiringi Lagu Bocil Kematian (Bang Windah),"Nov 10, 2020",62,7.4634,0,0:07:13,987,4.15
nY_FLvH9o9s,"Kalo gw nemu tukang bawa peti, "" Vidionya di revers "" - Google","Apr 9, 2020",62,0.8249,0,0:00:47,995,3.32
B2XqhVCyWX4,Melanjukan Minecraft Legend,"Apr 21, 2023",61,2.8516,1,0:02:48,1537,2.28
FgqF01cfUbQ,Growtopia|Play Donation Game no scam,"Apr 21, 2018",61,0.7975,4,0:00:47,920,4.89
AZ4yXeNITpo,Siapa Yang Sudah Hauss,"Mar 23, 2023",60,12.7894,2,0:12:47,1340,3.13
N9wgwD0JtFE,TAMAT !! DENGAN BANTUAN DEWA,"Sep 16, 2023",60,9.3152,0,0:09:18,1584,2.4
BUbG4z_rm0U,Kejar-kejaran Dapet 300 Dollar | JGRP,"Apr 4, 2021",59,4.0993,0,0:04:10,496,9.27
MHMdlEUvdds,Review Trend Krishna,"May 30, 2023",59,3.4441,0,0:03:30,1271,3.23
U_U3nDkXX4Q,Kita Lanjut Main DLCnya sampai tamat gaming -Outlast WhistleBlower,"Nov 17, 2020",59,9.2813,11,0:09:26,362,5.25
jzuLs_rbC9A,Nahan lapar Nahan Emosi Bersama Morning Person 7,"Mar 23, 2023",59,5.5247,4,0:05:37,913,4.71
cVrCOOVPYYY,PEMULA YANG AKAN TETAP MENJADI PEMULA,"Sep 19, 2023",58,7.1356,2,0:07:22,2801,1.61
hb2LR09r6hE,Bisnis Gelap,"Mar 18, 2023",58,5.2153,0,0:05:23,1349,3.41
krRcqRh-OV4,HOTEL YANG PENUH MISTERI,"Oct 21, 2023",57,3.9048,0,0:04:06,3604,0.83
XLXTjBHkdDI,Selamat Tahun Baru. bagi THR tahun baru bang,"Jan 2, 2023",56,0.2206,0,0:00:14,700,6
AOhOCQS5zD0,my first intro,"Apr 21, 2018",55,0.216,1,0:00:14,618,5.83
x2vSootcKKg,Morning Person 6,"Mar 22, 2023",55,3.7102,0,0:04:23,624,5.61
DbEU1HGcu94,Masang poster haloween di pintu apartemen,"Feb 21, 2023",54,0.6711,0,0:00:44,2568,1.32
N4QPBTD_YxA,Ini Game Minecraft Terbaru?,"Apr 20, 2023",52,1.1327,0,0:01:18,1112,3.78
NNj-ILq5O_s,GTA BERSALJU!!!,"Dec 22, 2020",52,8.1743,0,0:09:25,290,9.66
Hi6Pcf-ckQE,Mah Aku Belajar Bicara Dulu ya,"Nov 28, 2020",51,3.7519,0,0:04:24,331,7.85
R8Co_L8j7io,Awali Pagimu Dengan Bola,"Apr 2, 2023",50,2.1849,0,0:02:37,2231,1.97
WkhXXrUwUew,Harith .EXE,"Mar 1, 2020",50,1.3031,1,0:01:33,623,4.82
rf10T_QbVhU,PERANGGG DULU GA SIH!!,"Aug 2, 2023",49,3.1488,0,0:03:51,3149,1.3
6MwFqusTmjg,Morning Person Yang Terhalang Oleh Indihome dengan Discord,"Mar 26, 2023",48,4.6955,0,0:05:52,1249,3.04
VzlbjHQG380,Tamat 100% Hari ini? - OUTLAST,"Nov 16, 2020",48,2.9303,7,0:03:39,360,6.11
9zHKOF7fhGo,Mamah Aku Mau Main GTA SA ONLINE Janji Sambil Ngerjain Tugas,"Nov 12, 2020",47,6.9454,0,0:08:51,502,5.38
s4hIKS6H2ik,Siapa Yang Sudah Haus,"Mar 23, 2023",47,1.0881,0,0:01:23,1833,2.24
CfKVAICInN4,"Kalo lu nemuin Lucinta Luna, lu harus niruin suara gagak doi Search : wanita berbatang -Google","Apr 11, 2020",46,0.4068,0,0:00:31,1675,2.03
GGoiEh1_6bo,Pandemic 1993 saya kira dapat membuat saya terkejud #shorts #horrorgaming,"Sep 8, 2022",46,0.2314,0,0:00:18,1785,1.4
MUAiQ6fr5u8,Hayuuk Bro Mabar Minecraft | Minecraft #1,"May 4, 2021",46,6.1529,1,0:08:01,550,6.18
dC0PjQiym2g,Morning Person with PUBG,"May 30, 2023",46,1.8278,2,0:02:23,4540,0.84
yV9OUuiA6EI,Have Fun di Growtopia,"Jun 7, 2022",46,2.8811,3,0:03:45,265,12.83
9OSiH7K6QFo,Mengisi Waktu Senggang | Random Game,"Nov 26, 2021",45,10.6013,0,0:14:08,180,10
iDesYuhyktc,Lagi lagi apa? Ya OBS TAI,"Aug 19, 2023",45,1.1688,0,0:01:33,2139,1.82
4UABML9tw0Q,Pakai Tanaman Sesuai Tempatnya -Plant VS Zombie 2,"Dec 7, 2020",44,4.6868,7,0:06:23,261,9.2
VUITaNhY24A,No Challenging Game,"Sep 13, 2023",44,6.9089,0,0:09:25,1467,2.45
Wj5vri8vm2s,Gimana yakkk,"Mar 7, 2023",44,5.6578,1,0:07:42,1072,2.61
mSGUGJs_RJ0,EMANG BOLEH SEJAGO INI,"Oct 20, 2023",44,4.2806,0,0:05:50,1438,2.64
 -pnvsaAFC0k,Kalo gw chiken 2x gw upgrade PUBG,"Apr 24, 2023",43,2.3752,1,0:03:18,1200,3.08
2_l1JljRpMg,MAN CITY VS WEST HAM LIVE !!!!,"Sep 16, 2023",43,2.324,0,0:03:14,2059,1.6
TeOs-0KS6_0,Aku Mau Aku Mau,"Mar 20, 2023",43,2.099,1,0:02:55,2859,1.12
eBcApwyhqqk,Apakah PUBG akan Menggantikan Morning Person?,"Apr 23, 2023",43,1.9959,0,0:02:47,984,3.56
fRjI89kngB8,Cepat Belikan Saya PUBG PLUS,"May 2, 2023",43,3.9727,0,0:05:32,1550,2.32
5F8ZYFF-D64,Stress Main Game Itu Mending... | Ragnarok Retro #4,"Nov 29, 2021",42,3.5227,0,0:05:01,274,8.03
90GVQLDi6AI,BESOK PJJ LAGI!!,"Jan 4, 2021",42,2.3516,0,0:03:21,349,9.46
RbbpuFw8M10,Mr Bejo jalan-jalan,"Jun 1, 2023",42,2.6433,0,0:03:46,1402,2.28
kLeYOcGle70,EMANG BOLEH SENUMPUK INI?,"Oct 24, 2023",42,7.2391,0,0:10:20,2018,1.59
puYfjq5TWv4,Terlalu Banyak Gaya Dapat Berbahaya,"Sep 9, 2023",42,0.4599,0,0:00:39,2659,1.17
HWucN70TCNA,Aku Mau Jadi Luffy Biar Dapet Hancock,"Apr 4, 2021",41,5.3007,2,0:07:45,645,5.27
XvAejySfoH4,üî¥LIVE | Gak jago jago main valo,"Feb 20, 2023",41,6.3793,0,0:09:20,526,4.37
_tKRx1Co9CA,Loh Kok Begitu (OBS ANJG),"Mar 20, 2023",41,5.7152,0,0:08:21,1008,2.88
YbWqJPodsaw,DAH EMANG GA ADA BAKAT,"Sep 29, 2023",40,3.5153,0,0:05:16,1246,1.52
aUaoSkErcnU,Random and Chill Stream üò¥,"Jul 26, 2023",40,2.4648,0,0:03:41,1883,1.54
crAxJ1zrkxk,Fix TAMAT,"May 23, 2023",40,0.6221,0,0:00:55,1463,1.91
iWJivK0FWlk,RifalJo Kingdom,"May 4, 2023",40,0.9191,0,0:01:22,1016,3.25
DTXkfADpkQk,Ragnarok Retro #1,"Nov 28, 2021",39,4.9337,0,0:07:35,294,9.86
MQR3cPuCYIU,SOK SINI Cognosphere BAN AING,"Jul 16, 2023",39,1.406,0,0:02:09,519,4.24
GIIc_-tDlOE,Sudah Waktunya Melepas Lajang,"Sep 4, 2023",38,1.075,1,0:01:41,3423,0.93
TmYksAPaACg,Growtopia| Satisfying Thing In growtopia,"Dec 22, 2019",38,0.413,2,0:00:39,637,4.55
1vCnDmn4Q38,Mari Mabar Fall Guys,"Jun 24, 2022",37,1.6604,0,0:02:41,1266,1.74
DLvD1TIbtI8,Morning Person 5.1,"Mar 19, 2023",37,0.6788,0,0:01:06,303,0.33
F7S4MhO82CY,üî¥LIVE | Morning valo bersama esol mio,"Feb 17, 2023",37,4.3351,0,0:07:01,736,3.13
iHCZY1OEBLw,Ni game random banget #shorts #gaming #horrorgaming,"Feb 18, 2023",37,0.264,0,0:00:25,1181,0.42
nj2gYThVRU0,Semut Semut Apa Yang Hitam üéµ,"Jul 20, 2023",37,4.2556,0,0:06:54,1309,1.76
PSKPJL6fFB4,Chat With Guraa :3,"Jul 4, 2023",36,1.7757,0,0:02:57,3310,0.91
V3SLrxbeti8,Study With FalJo | MySql,"Jun 9, 2023",36,3.0975,0,0:05:09,4171,0.62
uSJuIIGrGuk,CAN I BECOME ZERO TO HERO??,"Sep 14, 2023",36,3.8601,0,0:06:26,2840,0.95
8MP0n-wWAro,Mending Rebuild Team di FIFA,"Jan 31, 2023",35,4.2165,0,0:07:13,1319,1.52
KOFeaXYyMX4,Mah Kata Temen Aku Game Ini Lucu,"Nov 14, 2020",35,5.947,0,0:10:11,372,3.76
_fskzi7Yv40,Tutornya PUH,"Sep 18, 2023",35,5.7932,1,0:09:55,1913,1.41
mNlf_XereAk,Gak bahaya tah OME terus,"Jul 18, 2023",35,4.1829,0,0:07:10,1578,1.39
0Bit5DgKLXY,Bergabut Ria di hari minggu bersama RifalJO,"Nov 13, 2022",34,2.7884,0,0:04:55,933,1.39
15jer_8tccg,Kenapa Aku Mulu Pak,"Mar 7, 2023",34,0.5743,0,0:01:00,1994,1.4
Axq58zAJ1Hs,Mempelajari Shortcut Game Ini | Ragnarok Retro #3,"Nov 28, 2021",34,2.2297,0,0:03:56,229,10.04
C8UQ1LL339o,Apakah akan ada cerita diluar dari manganya ? | One Piece Odyssey,"Jan 17, 2023",34,2.9577,0,0:05:13,878,2.51
GkFFwVKDnjo,Free Robux dikasih temen gw,"Jan 16, 2023",34,8.3337,0,0:14:42,686,2.77
ZSezNb4u4Q8,Mobile Legend|Come Back Pake Natalia Gilaaa Ampuh üíØ%,"May 6, 2018",34,0.8194,0,0:01:26,978,2.15
bgxz_Sm7dQE,Mori Santuy | GTA V MOD,"Dec 24, 2020",34,0.6586,0,0:01:09,605,2.31
fJqHnqw3gAY,Kok Dari Kemarin Lucu Semua deh,"Apr 7, 2023",34,4.0021,0,0:07:03,1103,2.54
kYwIcyyn8jo,Gone Home,"Nov 4, 2020",34,1.4157,0,0:02:29,317,5.05
80hoFOov8TY,Morning Person 2,"Mar 1, 2023",33,4.0871,0,0:07:25,334,7.78
BYbbOfrZeYE,P mabar,"Mar 9, 2023",33,6.5143,0,0:11:50,683,3.66
ffNFrLUJKnM,My Skill After 5 Hours Gameplay,"Apr 25, 2023",33,2.4085,0,0:04:22,588,4.59
nXJReAGm4n0,üî¥LIVE | Cosplay Chef Marinka,"Feb 25, 2023",33,2.151,0,0:03:54,720,3.19
25z_BDzQXp8,Meta Pilihan Mamah  -Plant VS Zombie 2,"Dec 8, 2020",31,2.3558,0,0:04:33,247,7.29
FTHX_vDVaDs,NAMATIN DRAGON QUEST !!,"Dec 12, 2020",31,2.1382,1,0:04:08,259,6.95
SJcSDVwk2A4,üî¥LIVE | Kenapa Ni Game Susah Amat Naik Ranknya,"Feb 23, 2023",31,2.6167,3,0:05:03,366,6.28
dGYDSw5RbHE,Morning Person,"Feb 27, 2023",31,5.1255,0,0:09:55,331,6.95
wgYAGV8c3rY,Ni Game Seru Bet,"Mar 19, 2023",31,0.5598,0,0:01:05,256,9.77
BrTu9ROsmW8,Mulai dari awal tanpa gacha,"Mar 3, 2023",30,2.5483,0,0:05:05,1268,1.34
63kijIhWh0I,Siapa Yang Cita-citanya Digigit Zombie?,"Nov 11, 2020",29,3.9593,2,0:08:11,564,2.66
HKeghMBOu8g,üî¥LIVE | Getting better and better,"Feb 22, 2023",29,4.4632,0,0:09:14,814,2.83
dHeEjG0Pn9A,Uhuh Uhuk,"Feb 26, 2023",29,7.9233,1,0:16:23,356,5.34
euWchlQlQl4,Beliin PUBG PC dong,"Mar 4, 2021",29,2.3014,0,0:04:45,250,6.4
tyDc6AuX8Is,Loh Kok Begitu,"Mar 21, 2023",29,1.8681,1,0:03:51,959,2.4
 -RKkK3B2jqI,PAKSAIN TAMAT HARI INIIIII!!!!,"Sep 16, 2023",28,0.6699,1,0:01:26,517,5.22
 -Z-GCmghqFM,Manusia Melawan Alien | High On Life,"Oct 11, 2023",28,2.3027,0,0:04:56,1278,1.41
0hZBdSUwSCE,TAU MEME INI??,"Oct 20, 2023",28,5.3071,0,0:11:22,1887,1.11
8HQFyFLstIQ,Mah Kok Dia Lucu Banget Boleh Aku Beli Ga,"Nov 13, 2020",28,2.0239,0,0:04:20,385,4.42
C88Vnwt7xY0,Mengerjakan tugas bahasa indonesia dengan sepenuh hati #StudyWithMe,"Jul 14, 2021",28,4.9508,0,0:10:36,167,12.57
EcF_SrBeiTE,üî¥LIVE | Room Tour !!,"Feb 24, 2023",28,0.9986,0,0:02:08,1160,2.16
Jal_m8nn-TE,Siang Bolong Bersama Akang CJ,"Nov 5, 2020",28,1.5597,0,0:03:20,387,4.13
YSBTuGfKzVM,Youtube Kenapa Vidio Gw Kesuspen -Minecraft,"Nov 29, 2020",28,1.0637,0,0:02:16,277,8.3
_NWy4cRWxmc,üî¥LIVE | Taulah,"Feb 21, 2023",28,2.1225,0,0:04:32,551,2.54
bSAhBo20o20,Nge Random Di JGRP,"Apr 3, 2021",28,2.0173,1,0:04:19,455,5.49
3AdR3A2zSCw,Awali Pagimu Dengan Stumble | Stumble Guys,"Jul 9, 2022",27,3.2373,0,0:07:11,246,7.72
3DAjaMh405o,Kasian Jodie....,"Jul 9, 2022",27,0.1586,1,0:00:21,699,1.43
A_IXOPV60T4,LOh gak BahYa Th,"Jun 9, 2023",27,2.895,0,0:06:25,663,3.02
CLJmzkD2WXA,sErEm !!,"Apr 7, 2023",27,1.7903,0,0:03:58,563,2.31
KO-I_f449xI,Mah Tolong Aku Di Genk Psikopat,"Nov 15, 2020",27,8.4604,0,0:18:48,344,4.94
MOdQbRmIrBg,Restocking And Talk,"Jun 9, 2022",27,4.486,0,0:09:58,251,7.57
RdW49GhnRFk,Mengerjakan Fisika | Random Streaming,"Feb 15, 2022",27,5.9446,0,0:13:12,276,3.99
XkH-egG8dvQ,Lanjut Melihat Kekawaiian Kucing Peduli  -Nekopara vol 0,"Dec 9, 2020",27,0.6925,0,0:01:32,456,4.39
h6Z-DBt-Uvc,Tamatin FF,"Mar 4, 2021",27,2.5379,0,0:05:38,267,8.61
hkxFr0CWHY4,UJUG UJUG VALO,"Oct 6, 2023",27,2.5346,0,0:05:37,1614,0.68
jj_zLVxnhV8,Meyakinkan Diri,"Oct 23, 2023",27,3.3067,0,0:07:20,2679,0.67
LChHzgBGCf4,Kehidupan seorang furry yang menjadi petani,"Mar 6, 2023",26,1.8662,0,0:04:18,1019,1.67
LnfKRP2qWlQ,Jadi menurut kalian Mbappe atau Haaland,"Dec 22, 2022",26,3.9213,0,0:09:02,302,3.97
O_sel0t-qlU,Study MC Access With Daddy,"Jul 5, 2023",26,0.6983,0,0:01:36,2460,0.77
bRKArVR-6nc,Belajar Menjadi Joki | Genshin Impact #1,"Dec 3, 2021",26,5.7522,1,0:13:16,257,6.23
2zsNaeR-sDc,Game Gratis Epic Games boljug | Neon Abyss,"Dec 18, 2021",25,3.2844,0,0:07:52,179,7.82
UsJcIGGOTlE,Bejo After Sahur,"Mar 27, 2023",25,1.0359,0,0:02:29,683,2.34
sz2xI9satoc,Kita Sekarang Cosplay Ben 10 dulu gass -ben 10 Power Trip,"Nov 16, 2020",25,2.3651,0,0:05:40,738,2.17
tMjbk3_Zfik,Menuju Kota 2 Bersama Akang CJ,"Nov 7, 2020",25,2.2728,1,0:05:27,394,2.54
zHH3bpRAdzE,LINEAGE2|AMAZING DAMAGE|ONE PUNCH ONE KILL,"Apr 19, 2018",25,0.1498,1,0:00:21,595,2.18
B8kQlqGJ7BQ,Mining Bersama Dodo,"Mar 1, 2023",24,2.686,0,0:06:42,573,3.84
CqAEFNTWBQo,KUDU GANTI MOUSE KAH BIAR JAGO? PENING PALA NI,"Oct 24, 2023",24,3.3537,1,0:08:23,1101,1.91
DSHKlnY26Dk,BANTUIN TEMEN GW HEIST!!!,"Dec 23, 2020",24,3.2232,0,0:08:03,244,7.79
GJ2_KoUG3QM,Lah Kok Ada Green Goblin | Beyond Two Souls,"Jul 8, 2022",24,0.1724,0,0:00:25,668,0.6
IZSF-GA7bJo,Sokin Mancing Sore,"Aug 14, 2023",24,2.2322,0,0:05:34,803,2.62
J8DziTBH3Oc,Morning Person 8.1 | Menunggu Praktikum (lagi lagi kelakuan obs),"Mar 28, 2023",24,3.3775,2,0:08:26,798,1.75
J_DfKel7-fo,LELAH SAMA GAME NI GA JAGO JAGO,"Oct 13, 2023",24,2.6878,0,0:06:43,1246,1.28
WEhgltt41X8,Ini kan yang ente pada mau | Morning person 18,"Jul 17, 2023",24,1.6954,0,0:04:14,627,3.51
_X47uvU3pTA,"Cita-Cita Ku Jadi Ninja, Kalo Kamu?","Nov 13, 2020",24,1.8336,0,0:04:35,357,2.8
ab4amnxJF8M,üî¥LIVE | Semoga pagi ini tidak bau,"Feb 21, 2023",24,0.7873,0,0:01:58,239,5.44
18xwwRzPdxM,Morning Person 9,"Apr 2, 2023",23,3.1186,1,0:08:08,729,2.47
2CHXV2mv7Gc,üî¥LIVE | Mari Manjat Gunung,"Feb 18, 2023",23,3.5164,0,0:09:10,280,2.86
4NMVbrI5994,Surpipal,"Apr 26, 2023",23,0.99,0,0:02:34,1012,2.08
4qTXA75fRBw,Mencoba Workout 20 menit,"Oct 2, 2021",23,0.8686,0,0:02:15,114,14.04
QUkpHHeVEUA,Gabut test koneksi,"Nov 2, 2020",23,0.6258,0,0:01:37,88,18.18
gPPM9vmwu7g,BALAPAN APA KITA??,"Dec 23, 2020",23,1.8752,0,0:04:53,264,4.55
hDWCfoNbIG0,Morning Person 3,"Mar 3, 2023",23,2.4747,0,0:06:27,464,3.23
v8_Wdl9HsX4,üî¥LIVE | Speed Run ges awikwok,"Feb 26, 2023",23,0.2842,0,0:00:44,823,2.43
25d-_xkpIeI,Morning Person 11 tapi solo gak ada temen pada turu,"Apr 11, 2023",22,3.0885,1,0:08:25,484,3.31
89JHrkRhB3s,üî¥LIVE | Ingin mencari settingan MIC terbaik,"Feb 22, 2023",22,0.8878,0,0:02:25,572,2.97
B55OGjYwHu4,Karoke | onedrive dan obs itu bikin emosi dan nyusahin,"Jun 3, 2023",22,1.309,0,0:03:34,1611,1.18
Iw-ubhx1sWA,üî¥LIVE | Masih belom ngerti cara maennya,"Feb 17, 2023",22,1.1663,0,0:03:10,199,6.03
Kcq3ofKAu7Q,Sampe Arc Marine Ford kah?? | One Piece Pirate Warriors 4,"Apr 4, 2021",22,1.3459,0,0:03:40,480,3.96
Lyb13xLrizE,Peradaban Baru Tanpa Bant***,"May 1, 2023",22,0.9504,1,0:02:35,607,2.97
MmUAF2Bd3dA,aKHHGGHH Pubg Dulu Ga SIEH,"Aug 19, 2023",22,2.1217,0,0:05:47,1168,1.54
RDpwLOdapEs,Ngabuburit bersihin kamar,"Apr 8, 2023",22,2.7136,1,0:07:24,460,3.7
WmuZMgK1Mtk,Hayuk Bro Kita Grinding | Genshin Impact #3,"Dec 7, 2021",22,4.2219,1,0:11:30,143,6.29
aJHXDRs69tU,Mencapai Puncak Everest bersama bejo dan asqi #shorts #gaming #roblox,"Feb 21, 2023",22,0.1186,0,0:00:19,959,1.56
zHPPbBk8V_g,Bermain Gamenya Rakel | Random Streaming,"Feb 16, 2022",22,1.0662,-1,0:02:54,183,3.28
BvB2DZBbXCs,PUBG Tapi Pistol Only,"Apr 27, 2023",21,0.9549,0,0:02:43,736,2.58
NZe8Cw8-ws8,Masih Berjuang Untuk Mencapai Bronze | Thetan Arena #2,"Dec 1, 2021",21,1.4265,0,0:04:04,145,7.59
YVOhZLIdLlw,Let's Sail The World,"Apr 16, 2023",21,1.9135,0,0:05:28,1172,1.02
iCHVVZ7o8bo,Morning Person 4,"Mar 14, 2023",21,1.9876,0,0:05:40,749,1.87
sv9vkGSTfTU,Orang kaya yang berpura' menjadi homeless,"Jul 13, 2021",21,1.9371,0,0:05:32,223,5.83
zTMLqggvvlM,Morning Person 12 | Kalian Lebaran Hari Ini?,"Apr 21, 2023",21,3.4227,0,0:09:46,273,6.23
0RKuwywG0YY,So if you lonely,"Sep 10, 2021",20,1.4437,0,0:04:19,143,6.99
ZnZuQHIs6CY,üî¥LIVE | Solo Bersama Abang Cengo Ini,"Feb 26, 2023",20,1.3188,0,0:03:57,252,6.35
eg0jr2m3BIg,Cobain dah bentar 2,"Dec 20, 2022",20,3.3849,0,0:10:09,95,9.47
gid5hhDCk1Y,Bisnis SSP Vend Bro,"Jun 8, 2022",20,5.211,0,0:15:37,265,5.28
rRHYsBGxtn0,Mah Kata Temen Aku Cheat Aja Biar Cepet  -Plant VS Zombie 2,"Dec 9, 2020",20,2.9395,0,0:08:49,308,2.27
t3ji_m2QNyQ,üî¥LIVE | Mari Manjat Gunung,"Feb 18, 2023",20,1.4049,1,0:04:12,126,5.56
0-jAaWvFQmk,Mari Kita Coba,"Feb 15, 2023",19,1.6942,0,0:05:21,94,8.51
4Yfv7dVuoa0,PEMBOHONGAN PUBLIK,"Oct 22, 2023",19,7.4338,0,0:23:28,1120,1.25
CXzHCOm2POQ,Join ges kita nge random,"Jan 15, 2023",19,1.7948,0,0:05:40,373,3.49
Kd1NJ9ICJok,Mah aku mabar dulu ya sama temen aku,"Nov 18, 2020",19,2.7682,0,0:08:44,370,3.24
NcsUnv_TASA,Hayuk bro kita mabar,"Aug 29, 2020",19,0.1596,1,0:00:30,226,6.19
PgdhJRdKfhY,0 Pity Eula #genshinimpact,"Dec 7, 2021",19,0.199,0,0:00:37,419,2.63
ZicnOxvWI5Q,Sleep Stream bersama fifa,"Aug 31, 2022",19,0.2642,0,0:00:50,5784,0.28
_mO5D7KrN68,Pemanasan,"Feb 12, 2022",19,2.8113,0,0:08:52,139,2.16
jy1E-pE24VA,Mencari game seru yang bisa dimainin beribu ribu jam,"Jan 29, 2023",19,1.2539,0,0:03:57,955,1.15
o3198_Qce5g,Entah kenapa suka banget game Ragnarok kek gini | Ragnarok Online,"Jan 30, 2023",19,0.9823,0,0:03:06,223,4.93
q1pYI43myDY,Tik Tok live full problem (Morning Person),"May 4, 2023",19,1.1882,0,0:03:45,1484,0.74
qeHYJNogsr4,ROLEPLAY JADI YAKUZA JEPUN,"Mar 16, 2021",19,0.6719,0,0:02:07,648,2.47
yZmCgr2Ez_A,Mabar Minigame bro | Minecraft #2,"May 5, 2021",19,1.1506,0,0:03:38,355,4.51
zSf-JtOdlNQ,Genre Game Kesukaan GWEH,"Apr 10, 2023",19,0.6311,0,0:01:59,642,1.56
69Cp4tqxu10,cuma mau test settingan stream,"Aug 14, 2023",18,0.7921,0,0:02:38,865,1.27
ID_ynEqTfy8,NgaduBurit Bersama Mas Fathur,"Apr 1, 2023",18,1.667,0,0:05:33,563,1.95
N3oYfvF3uuU,üî¥LIVE | Mencari Harta Karun,"Feb 26, 2023",18,0.4491,0,0:01:29,336,3.87
O4tYFJRuHWQ,Sahur Bersama Bejo,"Mar 23, 2023",18,1.5345,0,0:05:06,794,1.51
U-y-QeYMZ6M,Hari Pertama Bermain Apex lagi,"Feb 16, 2023",18,3.2402,0,0:10:48,218,3.21
l6p-koCTO1E,Ada Iblis DiDiriku!!,"Apr 8, 2023",18,1.7699,0,0:05:53,614,2.44
w3hIMQDFxvk,Morning Person 15,"May 1, 2023",18,2.4634,0,0:08:12,639,2.66
 -_NnocqKtFQ,Gokil Keluar Organnya #GTASADEFINITVE #GTA #GTASA,"Nov 13, 2021",17,0.0796,1,0:00:16,551,0.54
1ejJ7-ENiRI,Ni No Kuni Te Kuni Kuni Kuni,"May 29, 2022",17,0.2775,0,0:00:58,130,9.23
G8DkAl18ovU,Jagoan GW Nih BOS,"Apr 11, 2021",17,1.3198,0,0:04:39,386,3.37
JSaXCeZS4-c,Sini cuy perang aja kita,"May 18, 2023",17,0.9624,0,0:03:23,686,2.33
QymPakayVL0,Highlight | Game Horror Gak JELASSSS,"Feb 18, 2023",17,0.2025,0,0:00:42,1376,0.65
WvfxUDpWwN4,Memikirkan Konsep,"Feb 13, 2022",17,0.7047,0,0:02:29,180,5
XaBgMr33h-E,Pagi RP | JGRP #1,"Nov 28, 2021",17,1.5186,0,0:05:21,201,6.47
fHxj9ALcDEE,BATTLEFIELD ROBLOX,"Oct 23, 2023",17,2.851,0,0:10:03,815,1.6
g1gF1_eZtdg,Lanjutin Beyond Two Souls Di Stream Ajalah,"Jul 12, 2022",17,1.9341,0,0:06:49,158,7.59
tiWhlJIUKZw,Cari Poriftan Entah Dimanapun Itu,"Jun 5, 2022",17,0.7915,0,0:02:47,183,6.56
yhBsDU49RxA,Belajar Basing Ya Main Game | Dynasty Warrior 8,"Feb 22, 2022",17,3.7235,0,0:13:08,216,3.7
2TVwZlDUwb8,Hisoka Istriku | Fatal Frame,"Feb 27, 2022",16,0.1549,0,0:00:34,525,0.57
GIwMXMP615w,TAMATIN LEGO BATMAN??,"Dec 26, 2020",16,1.439,0,0:05:23,255,5.88
LSZmuQknKhw,Zombian Dulu,"Mar 22, 2023",16,1.0459,0,0:03:55,502,1
MtN5TcEth0A,Mah Beli Dia Dimana Ya? -Nekopara vol 0,"Dec 7, 2020",16,2.4298,0,0:09:06,260,3.85
Sw66qkVN2YY,Event Belom Kelar | Genshin Impact,"Feb 14, 2022",16,4.0635,0,0:15:14,138,2.17
VuhqAOuufmo,PATI BISA !!!,"Jul 20, 2021",16,4.6038,0,0:17:15,140,7.14
WDCmMql6oYQ,Yo Story Telling But Its From My Task,"Aug 29, 2021",16,2.2799,0,0:08:32,128,6.25
mXLLg78Ti68,Soking Mabar Mytic Tapi GW emu,"May 17, 2023",16,0.3037,0,0:01:08,435,1.84
t6tX1fzgQnc,Game onsennya gak chill gw teh sukanya yang chill,"Sep 14, 2022",16,1.4347,0,0:05:22,94,3.19
z_EXDG_GeBU,Menggabut Random,"Apr 8, 2021",16,2.6921,0,0:10:05,354,3.95
 -ULJ0iPBlUY,Main Benedetta Sampe Pro (GAMEPLAY ONLY),"Mar 6, 2021",15,1.2905,0,0:05:09,246,4.88
0QxbTtqGKHw,Kalian Mending Download RO juga deh,"Apr 18, 2023",15,1.4898,0,0:05:57,1144,0.96
275jmPwKV2A,OBS TAIII NGE FREEZE MULU,"Mar 19, 2023",15,1.1801,0,0:04:43,324,3.4
3TsqBIKh-2I,SIUUUUUUUUUUUUUUUUUUUUUU,"Apr 19, 2022",15,0.7494,0,0:02:59,110,4.55
8LXntvt6T-E,The Godfather sih keren gamenya ceritanya masok #shorts,"Sep 10, 2022",15,0.0849,0,0:00:20,652,0.46
BB69QGbwOqc,Saya Insyekyur,"Sep 5, 2021",15,0.4389,0,0:01:45,139,7.19
BzWx9f88EEM,Kehidupan Yang Monoton,"Jun 10, 2022",15,2.8562,0,0:11:25,156,5.77
HsNwkDHXq3c,Kita buka resto ramen tapi sebelum itu kita OME,"Sep 13, 2022",15,2.1795,0,0:08:43,113,4.42
gAZSCB8gurA,Boblox Gamenya Thahta,"Sep 26, 2021",15,2.3774,0,0:09:30,130,8.46
guTxHOYHh5g,SOK SINI Cognosphere BAN AING 2,"Jul 16, 2023",15,1.4233,0,0:05:41,444,2.25
iP5OTgjEQ-c,Saatnya Grinding | Ragnarok Retro #2,"Nov 28, 2021",15,2.1822,0,0:08:43,158,5.7
tBeSPO1kOhk,Ini Game Bikin Stress | Thetan Arena #3,"Dec 6, 2021",15,0.6153,0,0:02:27,137,4.38
vPZAJVRu1kY,AP nich btw iran ke bantai,"Nov 22, 2022",15,0.758,0,0:03:01,227,3.52
zV4T8oh3Ef0,Morning Person 8 | Listrik kntl mati mulu,"Mar 27, 2023",15,1.9148,0,0:07:39,443,2.71
9NJSrXV2VPU,Membangun Sebuah Perkotaan Nan Indah Seperti Je**,"Nov 27, 2021",14,1.6077,1,0:06:53,137,5.84
Nuhlh8vLap0,Genshin New Account,"Jun 30, 2022",14,1.8353,0,0:07:51,138,4.35
YDQHi7poONA,Apa Sebenarnya Planet Lain Digunakan Untuk Uji Ilegal? | Lifeless Planet,"Jul 7, 2022",14,0.1566,0,0:00:40,510,1.57
fZydUyjo-2Q,Full Jump Scare Kahh wkwk,"Sep 4, 2023",14,0.4832,0,0:02:04,809,1.24
nP9PhjlC6Zs,Viking itu Kingnya Sedang Dilas Mahkotanya,"Sep 8, 2023",14,0.7229,0,0:03:05,612,1.8
sL4YXMOjWdA,Haaland Pernah Mampir Di channel ini,"Dec 25, 2022",14,0.6293,0,0:02:41,158,1.9
tSy0CBIBuIU,Setelah 2 minggu Repair Laptop,"Jan 15, 2022",14,2.0996,0,0:08:59,103,5.83
C56t2kkYX7E,Vibes Christmas yang homror,"Dec 22, 2022",13,0.3953,0,0:01:49,86,3.49
TqVFHWG59MQ,Di lilit hutang dan harus bayar dalam 30 hari,"Dec 2, 2022",13,2.0007,1,0:09:14,74,2.7
VIzSYiEakhY,POV seorang kiki mengerjakan tugas,"Jul 12, 2021",13,1.3668,0,0:06:18,138,1.45
csfUwpC5o1k,Hari - Hari Ngebug | JGRP #2,"Nov 28, 2021",13,1.3643,0,0:06:17,156,7.05
e01IOdNf7Eg,Nyanyi & Ome TV | Random Stream,"Feb 27, 2022",13,2.2216,0,0:10:15,171,2.34
nORl51hNATk,Itali RSX | GTA V ONLINE,"Dec 25, 2020",13,0.1011,0,0:00:27,511,1.76
rFTVwYBjkbw,NGE DJ SEKALI,"Jan 25, 2021",13,0.3415,0,0:01:34,260,3.46
s3hwww4waEA,Chill Stream Dengan Bertani,"Sep 17, 2022",13,1.5222,0,0:07:01,163,0.61
z4ouW2Q33Js,Membangun Keluarga Bersamaku,"Aug 1, 2021",13,1.5456,0,0:07:08,126,7.94
8lqx6PbTUUc,Indihome sangat tidak sudi untuk saya streaming,"Mar 26, 2023",12,0.7506,0,0:03:45,528,2.08
94HETFjbdNw,Random aja,"Mar 5, 2021",12,1.396,0,0:06:58,245,4.49
Lb-vvPXzxVI,HIHHH SEREMM,"Apr 6, 2023",12,1.3985,0,0:06:59,496,1.81
NLD22UicYpQ,Mabar HarvestMoon kali yee,"Sep 12, 2020",12,0.0758,-1,0:00:22,191,4.71
mmLU97QYP28,Nostalgia pake aethersx2 | Sengoku Basara 2 Heroes,"Dec 19, 2021",12,0.1136,0,0:00:34,269,3.35
pu5IL7aSPZM,Membuktikan Keberannya | Thetan Arena,"Nov 29, 2021",12,1.7532,0,0:08:45,142,6.34
y7t_wM9ys3Y,Selamat Tahun Baru. bagi THR tahun baru bangs,"Jan 3, 2023",12,0.1638,0,0:00:49,145,3.45
 -CwVvosDdXc,Loh Roger??,"Apr 17, 2023",11,1.2443,0,0:06:47,527,1.33
TklzE5Kemto,Adventure With FalJo,"Aug 7, 2023",11,0.1534,0,0:00:50,395,1.77
VNE3a8eWvU0,H-1,"Mar 28, 2022",11,0.459,0,0:02:30,119,4.2
ZfnGsBl4OAg,Grand Launching Yagesya | Ragnarok Retro #5,"Dec 15, 2021",11,2.6004,0,0:14:11,174,4.6
cmEo60aDjRM,Andai Aku Bisa (Cover Gak Jelas),"Aug 6, 2021",11,0.1346,0,0:00:44,52,9.62
tJVjZJPHE4A,Membuka Toko BEER üç∫,"Jul 25, 2023",11,1.2495,0,0:06:48,359,1.67
v39g70IFsc0,FF katanya seru,"Mar 4, 2021",11,1.1315,0,0:06:10,218,1.38
AmRkUccfy0Q,Au Ah Belom Mulai,"Feb 15, 2022",10,0.0963,0,0:00:34,466,0.43
Ft7uvflLl_A,Lupa Streaming Kemarin Waduh | Genshin Impact #2,"Dec 5, 2021",10,0.9197,0,0:05:31,154,2.6
LYPnAxutu4w,Rush Jutaan Tugas!! #StudyWithMe,"Jul 17, 2021",10,2.5615,0,0:15:22,138,4.35
TAX7zMd995Q,Bernyanyi & Random,"Mar 13, 2022",10,0.2864,0,0:01:43,80,2.5
Tej5-T6-Wig,PUBG Mobile aja belajar nanti,"Apr 19, 2022",10,1.0904,0,0:06:32,98,5.1
YF4pienFLao,ngetest aja,"Dec 12, 2020",10,0.1245,0,0:00:44,224,4.02
h1AlEo-l64c,Gabut gak tau game apa ini,"Sep 15, 2022",10,1.4631,0,0:08:46,101,1.98
pbK-5E0evnI,Cobain dah bentar,"Dec 20, 2022",10,0.2896,0,0:01:44,57,0
pgovrMPdpR8,Cintaku Terhalang Jeruji Penjara | THE SIMS 4,"Aug 1, 2021",10,1.5758,0,0:09:27,167,4.79
uNr38k4FcAA,Menghabiskan Last WL di casino,"Jul 1, 2022",10,0.9324,0,0:05:35,105,3.81
uXvjw1G8xNw,Ini Game Horror atau 4NO | Fatal Frame,"Feb 25, 2022",10,0.3428,0,0:02:03,211,1.42
yd22WESMGP8,Saya Menemukan Secret Unit KEMATIAN  -TABS,"Dec 11, 2020",10,0.6493,0,0:03:53,240,1.67
8sfBdUcQuZc,Random Stream Masseh,"Jul 18, 2022",9,0.2027,0,0:01:21,100,5
JRdWnzAKNqc,üî¥LIVE | Random Live aja males ngegem katanya,"Feb 18, 2023",9,1.1221,0,0:07:28,193,2.07
Mo81LT0Wtdw,2 HARI MENUJU LULUS,"Mar 20, 2022",9,0.3734,0,0:02:29,114,4.39
OcocohHHtFA,Akhirnya sudah benar servernya | Ragnarok Retro #6,"Dec 16, 2021",9,2.0776,0,0:13:51,173,3.47
PnLqy0jD8sQ,Hiihhhh Seremmm,"Mar 28, 2023",9,0.8867,0,0:05:54,252,1.59
Wkh-gDk4Jt8,Semua bisa gw beli di GTA 5 ONLINE,"Aug 30, 2022",9,1.1206,0,0:07:28,77,5.19
Y1JGH3JXn5c,Kehidupan Tidak Sesuai Judul Game | Never Alone,"Jan 22, 2022",9,1.3509,0,0:09:00,108,4.63
tpvZ20esAfw,Ya gitu dah,"Jan 17, 2023",9,2.3714,0,0:15:48,1439,0.49
0clVuOk_3N0,Membuktikan kata taha kalau ini game lucu,"Jul 19, 2021",8,0.1375,0,0:01:01,115,3.48
Bi1LTB36hg8,PUSH KALI AJA MENANG,"Mar 6, 2021",8,1.1212,0,0:08:24,306,2.29
f1Go6UBPLsg,BILEK #shorts,"Sep 8, 2022",8,0.0268,0,0:00:12,745,0.54
lNDXeRmisME,hadeh,"Apr 19, 2022",8,1.9096,0,0:14:19,106,2.83
neujtfIj4M8,Hayuk bro kita mabar lagi,"Sep 2, 2020",8,0.0449,0,0:00:20,167,2.99
qrt48PZXGBM,Kita Simulasikan Zaman Batu DLL -TABS,"Dec 9, 2020",8,1.8361,0,0:13:46,219,2.74
QTb_b6_poS4,ngetest doang kuat kaga,"Jul 12, 2021",7,0.2805,0,0:02:24,109,3.67
ZVFAIKIoc1Y,Tighnari Gw Selama 15 Hari,"Sep 10, 2022",7,1.2503,0,0:10:42,87,3.45
bP1uz1-U6es,Lelah PUBG grinding inazuma aja | Genshin Impact #4,"Dec 14, 2021",7,0.3114,0,0:02:40,97,5.15
kPRChKt1tPY,H-2,"Mar 27, 2022",7,0.0545,0,0:00:28,128,3.13
oaRkTDIb8Ts,Ni No Kuni Te Kuni Kuni Kuni #2,"May 31, 2022",7,0.1865,0,0:01:35,149,2.68
pNdKiTzAO80,RIBUN ( Rizky Berkebun ),"Oct 23, 2021",7,0.0248,0,0:00:12,367,1.36
sRezZ32UBj8,Morning Person 5,"Mar 19, 2023",7,0.7145,0,0:06:07,472,0.85
v6cbKC2kHO8,Ko Neko Caengg,"Sep 11, 2021",7,2.2483,0,0:19:16,222,1.8
vynhhs15xP8,Akhir Perjalanan Astronot | Lifeless Planet,"Jul 8, 2022",7,0.0138,0,0:00:07,552,1.09
xSHT-5eHECU,ngetest,"Dec 11, 2020",7,0.0923,0,0:00:47,234,2.14
CpvqzLJ2KZ0,Aku Istriku dan Anak Tetangga,"Aug 10, 2021",6,0.4218,0,0:04:13,130,2.31
FpIq3cqT7WQ,Bermain Boblox Bersama Thahta,"Sep 28, 2021",6,0.1437,0,0:01:26,123,3.25
Kf6iunG6LzE,SHOGUN ERA | TOTAL WAR,"Jul 15, 2023",6,0.2657,0,0:02:39,391,1.28
P2AZn6PfRu4,Menggabut dan mengiseng,"Oct 24, 2021",6,0.5446,0,0:05:26,140,2.14
Z9traFs_ivo,Viking Ga Sembarang Viking,"Sep 8, 2023",6,0.1053,0,0:01:03,241,2.07
Zj4_Yct3-FM,Karoke | onedrive dan obs itu bikin emosi dan nyusahin,"Jun 3, 2023",6,0.0227,0,0:00:13,339,1.47
bYmZjJo1sY0,Morning Person 8 | Menunggu Praktikum,"Mar 27, 2023",6,0.12,0,0:01:11,239,1.67
pyTPozHuKcA,Membangun team di liga inggris dengan pemain indo,"Sep 4, 2022",6,0.9487,0,0:09:29,117,3.42
uYuw036yI98,Octopath Traveler #2,"Aug 25, 2022",6,0.0243,0,0:00:14,119,2.52
zotFiJntwDU,Bewwan Ngep Ngep dengan Lord Ngep Ngep,"Oct 11, 2021",6,0.1255,0,0:01:15,123,4.07
1Aud-BNWE1A,Pakailah Party Seadanya,"Sep 2, 2021",5,0.071,0,0:00:51,97,2.06
6kdf_8GSpWY,Mungkin Dengan Streaming GW Lebih Terpacu Belajar,"Mar 5, 2022",5,0.0158,0,0:00:11,143,3.5
I-rTafnmcKI,Mencoba Apakah Bisa (2),"Dec 1, 2021",5,0.6474,0,0:07:46,122,3.28
P5ZjxTgl_zU,Nobar PMGC with SC | RifalJO,"Dec 1, 2021",5,0.7497,0,0:08:59,203,1.48
VkXZ1PAlVMI,Morning Person with PUBG OBS UPDATE MALAH BUG TERUS,"May 29, 2023",5,0.4617,0,0:05:32,211,1.42
WvpFNrYFJfo,YO,"Mar 22, 2022",5,0.1313,0,0:01:34,101,1.98
eDgjq4CZ3qE,INI GAME APA SIH MAH??,"Dec 29, 2020",5,0.1359,0,0:01:37,269,1.86
fdkMt4L2Zjs,Akhirnya Bisa Setelah Gw otak-atik,"Oct 13, 2021",5,1.0308,0,0:12:22,123,1.63
22E9Hp7iBDw,Semut Semut Kecil Saya Mau Tanyaüéµ,"Jul 19, 2023",4,0.0779,0,0:01:10,355,0.85
2xeXwY3xd0s,Buat Test,"Dec 27, 2020",4,0.6576,0,0:09:51,249,1.61
2yez5PtnSVQ,Males NgeEvent,"Jan 29, 2022",4,0.0908,0,0:01:21,80,1.25
30GKvGG3eHY,Octopath Traveler #1,"Aug 20, 2022",4,0.8869,0,0:13:18,82,0
38jDedlC_QI,Saya Kembali Mending Nyoba TOF | Tower Of Fantasy,"Aug 20, 2022",4,0.2104,0,0:03:09,69,2.9
4j-Lj526Jd8,Pembalasan Dendam Master Sifu,"Feb 12, 2022",4,0.2662,1,0:03:59,91,2.2
9sNasMrQ5LY,Membuka Toko BEER üç∫,"Jul 24, 2023",4,0.0086,0,0:00:07,207,1.93
FpCnQWcZVdw,TAMATIN LEGO BATMAN??,"Dec 26, 2020",4,0.1081,0,0:01:37,216,0.93
LSFTMTyJbIk,Streaming Nyuci Motor,,4,0.344,0,0:05:09,0,
Ngq-7Hfbnps,Pusing dicombo ulangan mending mabar bareng billy burung,"Aug 6, 2021",4,0.2358,0,0:03:32,120,2.5
R64w_3Wqyrg,Live Turu,,4,0.0626,0,0:00:56,69,1.45
cNH2NdV58CY,Mencoba Apakah Bisa,"Dec 1, 2021",4,0.1252,0,0:01:52,104,0.96
meE2zKV32eY,"Besok sekolah, biar kek orang yutuber yutuber main Ragnarok X","Jul 11, 2021",4,0.1333,0,0:01:59,142,2.82
rq8EVbwk7Bk,Test aja,"Dec 22, 2022",4,0.1892,0,0:02:50,47,4.26
sN-Bjgv2Gq4,BISA MECAHIN PALA ORANG??,"Dec 26, 2020",4,0.6821,0,0:10:13,242,1.65
t9qNZXPyggk,Belajar Basing Ya Main Game | Dynasty Warrior 8,"Feb 21, 2022",4,0.0843,0,0:01:15,121,0
w95X0aKVh4o,Membawa Karasuno menjadi juara,"Aug 30, 2021",4,0.1238,0,0:01:51,110,2.73
14GavtoY_mo,üî¥LIVE | Solo Bersama Abang Cengo Ini (Duh Bug OBS),"Feb 26, 2023",3,0.0047,0,0:00:05,142,2.11
2FEWg1RULj0,Diserbu tugas tetap bermain #PlayWithMe,"Jul 19, 2021",3,0.0601,0,0:01:12,91,0
8lp87Db1qq4,Im Curious,"Aug 27, 2021",3,0.1758,0,0:03:30,93,3.23
EUNc71g6GyA,Stress Valo,"Aug 28, 2021",3,0.0317,0,0:00:38,96,3.13
db_hVgZrWOs,Males NgeEvent',"Jan 29, 2022",3,1.73,0,0:34:36,85,0
q73aYPySa5w,Finish What I Have Done Like a 1 years ago,"Oct 13, 2021",3,0.2138,0,0:04:16,90,1.11
38uruYcu6vY,ML,"May 1, 2022",2,0.0196,0,0:00:35,82,1.22
PODfHImOags,Random Stream Masseh,"Aug 18, 2022",2,0.003,0,0:00:05,61,1.64
fvdr0j1macY,Mengisi Waktu Senggang | Random Game,"Nov 26, 2021",2,0.0036,0,0:00:06,108,0.93
mALcZio_nh8,Simple MMO,,2,0.0371,0,0:01:06,0,
snTMqZmhYUI,PUSH KALI AJA MENANG (2),"Mar 6, 2021",2,0.0106,0,0:00:19,236,0.42
wU7oBDRlbAw,Mencari Tau Apa Yang Terjadi Saat Malam Hari. Disaat Tidur,,2,0.0157,0,0:00:28,0,
waKxxq4Qhlo,Pagi RP | JGRP #1 (ReStream),"Nov 28, 2021",2,0.0328,0,0:00:59,99,2.02
Ix2JbDCWMFM,Ni No Kuni Te Kuni Kuni,"May 27, 2022",1,0.0406,0,0:02:25,91,1.1
W8WTm4rELzY,Grand Launching YagesYa | Ragnarok Retro #5,"Dec 15, 2021",1,0.0014,0,0:00:05,117,0.85
c90bUF2237c,Ni No Kuni Te Kuni Kuni Kuni,"May 27, 2022",1,0.0349,0,0:02:05,93,1.08
xxa8MbuWGzg,Mancity VS Madrid Who's gonna win?,"May 9, 2023",1,0.1171,0,0:07:01,9,0
